{
  "project_info": {
    "project_number": "115454075757",
    "firebase_url": "https://project1-c4719.firebaseio.com",
    "project_id": "project1-c4719",
    "storage_bucket": "project1-c4719.appspot.com"
  },
  "client": [
    {
      "client_info": {
        "mobilesdk_app_id": "1:115454075757:android:e149575eb5ebae27",
        "android_client_info": {
          "package_name": "com.example.android.project1"
        }
      },
      "oauth_client": [
        {
          "client_id": "115454075757-j7bhq87f75otjpo0ghoin40qnu6mgo0q.apps.googleusercontent.com",
          "client_type": 1,
          "android_info": {
            "package_name": "com.example.android.project1",
            "certificate_hash": "d0efb2b1e3dd0043c29db731f17e82323deb9864"
          }
        },
        {
          "client_id": "115454075757-voe0jk48fci58jk7rtnk9ahdpveb3otm.apps.googleusercontent.com",
          "client_type": 3
        }
      ],
      "api_key": [
        {
          "current_key": "AIzaSyDF35XBkg0ylW8dEjrYZfmwSw6fgLJArmA"
        }
      ],
      "services": {
        "analytics_service": {
          "status": 1
        },
        "appinvite_service": {
          "status": 2,
          "other_platform_oauth_client": [
            {
              "client_id": "115454075757-voe0jk48fci58jk7rtnk9ahdpveb3otm.apps.googleusercontent.com",
              "client_type": 3
            }
          ]
        },
        "ads_service": {
          "status": 2
        }
      }
    },
    {
      "client_info": {
        "mobilesdk_app_id": "1:115454075757:android:c734c4fb90961adb",
        "android_client_info": {
          "package_name": "com.example.himanshu.afinal"
        }
      },
      "oauth_client": [
        {
          "client_id": "115454075757-n0or8ek07hvic6dq28842csa989141c1.apps.googleusercontent.com",
          "client_type": 1,
          "android_info": {
            "package_name": "com.example.himanshu.afinal",
            "certificate_hash": "a022bd56fdd4f7ede84716d64351a439f69e3445"
          }
        },
        {
          "client_id": "115454075757-voe0jk48fci58jk7rtnk9ahdpveb3otm.apps.googleusercontent.com",
          "client_type": 3
        }
      ],
      "api_key": [
        {
          "current_key": "AIzaSyDF35XBkg0ylW8dEjrYZfmwSw6fgLJArmA"
        }
      ],
      "services": {
        "analytics_service": {
          "status": 1
        },
        "appinvite_service": {
          "status": 2,
          "other_platform_oauth_client": [
            {
              "client_id": "115454075757-voe0jk48fci58jk7rtnk9ahdpveb3otm.apps.googleusercontent.com",
              "client_type": 3
            }
          ]
        },
        "ads_service": {
          "status": 2
        }
      }
    }
  ],
  "configuration_version": "1"
}